=======these should normally be included in the rule set
bizimki	# bizimki
benimki	# benimki
sizinki	# sizinki
dahaki	# dahaki
karşıki	# karşıki
öyle	# öyle
böyle	# böyle
şöyle	# şöyle
============	# ============
günkü	# günkü
maoist	# maoist
bağlı	# bağlı
makinalı	# makinalı
saf	# saf
farklı	# farklı
sonraki	# sonraki
önceki	# önceki
yılki	# yılki
ayki	# ayki
şimdiki	# şimdiki
zamanki	# zamanki
=======
günkü	# günkü
maoist	# maoist
bağlı	# bağlı
bu günkü	# bu günkü
tehlikeli	# tehlikeli
farklı	# farklı
önemli	# önemli
ilk	# ilk
kesin	# kesin
hukuken	# hukuken
seferi	# seferi
eşref	# eşref
enflasyonist	# enflasyonist
temsili	# temsili
sek	# sek
karizmatik	# karizmatik
sürekli	# sürekli
lir	# lir
gafur	# gafur
dobra	# dobra
emin	# emin
ardışı<k>	# ardışık
spesiyal	# spesiyal
paskal	# paskal
ıra<k>	# ırak
denizaşırı	# denizaşırı
geç	# geç
son	# son
geçmiş	# geçmiş
geçen	# geçen
ilişkin	# ilişkin
gelecek	# gelecek
başlıca	# başlıca
sorumlu	# sorumlu
bağımsız	# bağımsız
ulusal	# ulusal
bir	# bir
aynı	# aynı
biraz	# biraz
birkaç	# birkaç
öteki	# öteki
bütün	# bütün
acı	# acı
açık	# açık
hasta	# hasta
hayvansı	# hayvansı
sarılı	# sarılı
kırı<k>	# kırık
dolu	# dolu
tanıdı<k>	# tanıdık
bildi<k>	# bildik
yapay	# yapay
düşey	# düşey
dikey	# dikey
okuryazar	# okuryazar
sanal	# sanal
laciver<t>	# lacivert
kuca<k>	# kucak
küçü<k>	# küçük
küçücü<k>	# küçücük
krist<pA>l	# kristal
kroni<k>	# kronik
korka<k>	# korkak
döne<k>	# dönek
afacan	# afacan
babacan	# babacan
sevecen	# sevecen
umursamaz	# umursamaz
sorunsal	# sorunsal
serebral	# serebral
kaç	# kaç
kaçınılmaz	# kaçınılmaz
sıca<k>	# sıcak
sıcacı<k>	# sıcacık
entellektüel	# entellektüel
operasyonel	# operasyonel
üniter	# üniter
ücra	# ücra
tümleşik	# tümleşik
tombik	# tombik
şizofrenik	# şizofrenik
simultane	# simultane
kullanışlı	# kullanışlı
işitsel	# işitsel
ironi<k>	# ironik
psikiyatri<k>	# psikiyatrik
prefabri<k>	# prefabrik
optimal	# optimal
iktisadi	# iktisadi
erkeksi	# erkeksi
kadınsı	# kadınsı
çocuksu	# çocuksu
hayvansı	# hayvansı
acınası	# acınası
medyatik	# medyatik
uluslararası	# uluslararası
milletlerarası	# milletlerarası
makroekonomik	# makroekonomik
sismoloji<k>	# sismolojik
konjonktürel	# konjonktürel
alçakgönüllü	# alçakgönüllü
boğu<k>	# boğuk
kati	# kati
iğreti	# iğreti
eğreti	# eğreti
elele	# elele
başbaşa	# başbaşa
hiyerarşi<k>	# hiyerarşik
rasgele	# rasgele
suni	# suni
porno	# porno
hormonal	# hormonal
ağırbaşlı	# ağırbaşlı
faal	# faal
saygıdeğer	# saygıdeğer
modernist	# modernist
kaotik	# kaotik
şeriye	# şeriye
krimin<pA>l	# kriminal
neoklasi<k>	# neoklasik
maço	# maço
cezai	# cezai
meşru	# meşru
sektörel	# sektörel
türki	# türki
ası<k>	# asık
anayasal	# anayasal
yurtiçi	# yurtiçi
varolan	# varolan
rasgele	# rasgele
üstüste	# üstüste
dümdüz	# dümdüz
kupkuru	# kupkuru
koskocaman	# koskocaman
sapasağlam	# sapasağlam
pembemsi	# pembemsi
kapkara	# kapkara
yemyeşil	# yemyeşil
masmavi	# masmavi
sapsarı	# sapsarı
kıpkırmızı	# kıpkırmızı
kıpkızıl	# kıpkızıl
çırılçıpla<k>	# çırılçıplak
ahlaki	# ahlaki
koskoca	# koskoca
absürd	# absürd
abidei	# abidei
dipdiri	# dipdiri
depresif	# depresif
canhıraş	# canhıraş
biyomedikal	# biyomedikal
koşer	# koşer
milyoner	# milyoner
adli	# adli
pırıl	# pırıl
buçu<k>	# buçuk
sözkonusu	# sözkonusu
çetrefil	# çetrefil
kurmaca	# kurmaca
simsiyah	# simsiyah
tropi<k>	# tropik
karayağız	# karayağız
sosy<pA>l	# sosyal
finansal	# finansal
yağışlı	# yağışlı
küçükbaş	# küçükbaş
diğer	# diğer
öbür	# öbür
=============================	# =============================
abstre	# abstre
acele	# acele
acıklı	# acıklı
afacan	# afacan
afyonkeş	# afyonkeş
ağır	# ağır
ahraz	# ahraz
ahu	# ahu
akışkan	# akışkan
al	# al
ala	# ala
alaca	# alaca
alaylı	# alaylı
alman	# alman
alt	# alt
altıgen	# altıgen
ana	# ana
analjezi<k>	# analjezik
angu<t>	# angut
ara	# ara
arabesk	# arabesk
aristokrat	# aristokrat
arka	# arka
artı	# artı
asabi	# asabi
asala<k>	# asalak
asi	# asi
aşı<k>	# aşık
askeri	# askeri
asli	# asli
atmasyon	# atmasyon
az	# az
azgın	# azgın
bağ	# bağ
balaban	# balaban
balıketi	# balıketi
barbar	# barbar
baro<k>	# barok
basit	# basit
başka	# başka
batı	# batı
batyal	# batyal
bayat	# bayat
baygın	# baygın
bazı	# bazı
bedeni	# bedeni
bej	# bej
bekar	# bekar
belirgin	# belirgin
belirli	# belirli
belli	# belli
bencil	# bencil
berbat	# berbat
berduş	# berduş
berra<k>	# berrak
betonarme	# betonarme
bezgin	# bezgin
biçimli	# biçimli
bıkkın	# bıkkın
bileşi<k>	# bileşik
bilge	# bilge
bilgiç	# bilgiç
billur	# billur
bitkin	# bitkin
bodur	# bodur
bohem	# bohem
bol	# bol
bonkör	# bonkör
boş	# boş
boz	# boz
bücür	# bücür
buna<k>	# bunak
buru<k>	# buruk
büyü<k>	# büyük
çabu<k>	# çabuk
çalıntı	# çalıntı
çalışkan	# çalışkan
capcanlı	# capcanlı
çarpı<k>	# çarpık
cebbar	# cebbar
çeki<k>	# çekik
centilmen	# centilmen
çetin	# çetin
çiğ	# çiğ
çiğnem	# çiğnem
çilekeş	# çilekeş
cins	# cins
çirkef	# çirkef
çirkin	# çirkin
çiroz	# çiroz
çıtkırıldım	# çıtkırıldım
coğrafi	# coğrafi
ço<k>	# çok
çoktanrıcı	# çoktanrıcı
çökü<k>	# çökük
çürü<k>	# çürük
çürükçül	# çürükçül
dağını<k>	# dağınık
daki<k>	# dakik
dar	# dar
darılgan	# darılgan
davudi	# davudi
dekartçı	# dekartçı
dekolte	# dekolte
deli<k>	# delik
delikanlı	# delikanlı
demirbaş	# demirbaş
demokrat	# demokrat
den<k>	# denk
derin	# derin
despot	# despot
destansı	# destansı
dev	# dev
devasa	# devasa
didakti<k>	# didaktik
dik	# dik
dilsever	# dilsever
dindar	# dindar
diri	# diri
dış	# dış
dişbuda<k>	# dişbudak
dişi	# dişi
dişli	# dişli
doğru	# doğru
doğu	# doğu
doğurgan	# doğurgan
dokunaklı	# dokunaklı
dolaşı<k>	# dolaşık
dolgun	# dolgun
döner	# döner
donu<k>	# donuk
dörtyüzlü	# dörtyüzlü
doru	# doru
dost	# dost
dostane	# dostane
durgun	# durgun
duru	# duru
dürüst	# dürüst
düşman	# düşman
düz	# düz
düzenbaz	# düzenbaz
düzgün	# düzgün
düzlem	# düzlem
düzme	# düzme
düztaban	# düztaban
ecnebi	# ecnebi
eflatun	# eflatun
eği<k>	# eğik
egzistansiyalist	# egzistansiyalist
ek	# ek
ekili	# ekili
eklekti<k>	# eklektik
ekonomi<k>	# ekonomik
eksi	# eksi
ekşi	# ekşi
eksi<k>	# eksik
ekspres	# ekspres
ela	# ela
elvan	# elvan
emekli	# emekli
emektar	# emektar
emperyalist	# emperyalist
empresyonist	# empresyonist
enayi	# enayi
ender	# ender
enfes	# enfes
engin	# engin
entelektüel	# entelektüel
epi<k>	# epik
erdişi	# erdişi
erke<k>	# erkek
eroinman	# eroinman
eşadlı	# eşadlı
esas	# esas
eşdeğer	# eşdeğer
eski	# eski
esmer	# esmer
esne<k>	# esnek
esrarengiz	# esrarengiz
esteti<k>	# estetik
etken	# etken
etkin	# etkin
evcil	# evcil
ezi<k>	# ezik
fabrikasyon	# fabrikasyon
fahiş	# fahiş
fakir	# fakir
fakirane	# fakirane
falanca	# falanca
fanati<k>	# fanatik
fanfan	# fanfan
fasarya	# fasarya
faşist	# faşist
faşizan	# faşizan
fatalist	# fatalist
favori	# favori
fazla	# fazla
feci	# feci
fedakar	# fedakar
feminist	# feminist
fena	# fena
feraceli<k>	# feracelik
ferah	# ferah
fesa<t>	# fesat
fetişist	# fetişist
fevkalade	# fevkalade
filizi	# filizi
firari	# firari
fıstıki	# fıstıki
fotojenik	# fotojenik
ganyan	# ganyan
garantör	# garantör
gazi	# gazi
geberi<k>	# geberik
geçer	# geçer
geçkin	# geçkin
geleğen	# geleğen
genç	# genç
genceci<k>	# gencecik
geniş	# geniş
gergin	# gergin
geveze	# geveze
gevre<k>	# gevrek
gevşe<k>	# gevşek
gezeğen	# gezeğen
gezgin	# gezgin
gıcı<k>	# gıcık
gıcır	# gıcır
gır	# gır
gizli	# gizli
göçebe	# göçebe
göçmen	# göçmen
goşist	# goşist
gri	# gri
güçlü	# güçlü
güderi	# güderi
güdü<k>	# güdük
güleç	# güleç
gülünç	# gülünç
günahkar	# günahkar
gündüzlü	# gündüzlü
güney	# güney
güneybatı	# güneybatı
güneydoğu	# güneydoğu
güneyli	# güneyli
gür	# gür
gürbüz	# gürbüz
güzel	# güzel
güzide	# güzide
haberdar	# haberdar
hafif	# hafif
hafifmeşre<p>	# hafifmeşrep
hain	# hain
haki	# haki
haksever	# haksever
halis	# halis
ham	# ham
hamarat	# hamarat
hami	# hami
hamile	# hamile
hamurkar	# hamurkar
hantal	# hantal
harbi	# harbi
harika	# harika
has	# has
hassas	# hassas
hayalperest	# hayalperest
haylaz	# haylaz
hayran	# hayran
hayvan	# hayvan
hazin	# hazin
hazır	# hazır
hazırceva<p>	# hazırcevap
hel<pA>l	# helal
hergele	# hergele
hicri	# hicri
hidrosefal	# hidrosefal
hijyeni<k>	# hijyenik
hırbo	# hırbo
hırsız	# hırsız
hızlı	# hızlı
homojen	# homojen
hoppa	# hoppa
hor	# hor
hovarda	# hovarda
hoyrat	# hoyrat
hümanist	# hümanist
hunhar	# hunhar
iç	# iç
idealist	# idealist
ide<pA>l	# ideal
iğren<c>	# iğrenc
ihmalkar	# ihmalkar
ihtiyar	# ihtiyar
ikiyüzlü	# ikiyüzlü
ikiz	# ikiz
iletken	# iletken
ılı<k>	# ılık
ılıman	# ılıman
ilkel	# ilkel
illüzyonist	# illüzyonist
ince	# ince
ini<k>	# inik
iri	# iri
irticai	# irticai
işbirlikçi	# işbirlikçi
işgüzar	# işgüzar
ısla<k>	# ıslak
işle<k>	# işlek
ıssız	# ıssız
istisnai	# istisnai
isveçli	# isveçli
isyankar	# isyankar
ivedi	# ivedi
iyi	# iyi
iyimser	# iyimser
izafi	# izafi
ızbandu<t>	# ızbandut
izbe	# izbe
ızgara	# ızgara
izolatör	# izolatör
izole	# izole
izomorf	# izomorf
izoterm	# izoterm
jarse	# jarse
jorjet	# jorjet
kabadayı	# kabadayı
kaba<k>	# kabak
kabartma	# kabartma
kaça<k>	# kaçak
kaçkın	# kaçkın
kad<del>ir	# kadir
kadın	# kadın
kafatasçı	# kafatasçı
kafir	# kafir
kahpe	# kahpe
kahraman	# kahraman
kahverengi	# kahverengi
kak	# kak
kaka	# kaka
kalantor	# kalantor
kalı<k>	# kalık
kalın	# kalın
kalite	# kalite
kalkı<k>	# kalkık
kalkoliti<k>	# kalkolitik
kallavi	# kallavi
kalpazan	# kalpazan
kambur	# kambur
kamu	# kamu
kapalı	# kapalı
kapitone	# kapitone
karanlı<k>	# karanlık
karar	# karar
kare	# kare
karı<k>	# karık
karışı<k>	# karışık
karşı	# karşı
kart	# kart
kasıntı	# kasıntı
kaşmir	# kaşmir
kat<del>il	# katil
kayışçı	# kayışçı
kazazede	# kazazede
kazmadiş	# kazmadiş
keba<p>	# kebap
keçi	# keçi
kel	# kel
kele<k>	# kelek
kelepir	# kelepir
kentsoylu	# kentsoylu
kepçe	# kepçe
kerpiç	# kerpiç
kese	# kese
keskin	# keskin
kibar	# kibar
kimsesiz	# kimsesiz
kindar	# kindar
kini<k>	# kinik
kıranta	# kıranta
kırgın	# kırgın
kırı<k>	# kırık
kırılgan	# kırılgan
kırışı<k>	# kırışık
kırmızı	# kırmızı
kırna<k>	# kırnak
kıskanç	# kıskanç
kısmen	# kısmen
kısmi	# kısmi
kıvırcı<k>	# kıvırcık
kıvra<k>	# kıvrak
kıyasıya	# kıyasıya
kız	# kız
kızgın	# kızgın
kızıl	# kızıl
klişe	# klişe
koca	# koca
kocaman	# kocaman
kodaman	# kodaman
kokainoman	# kokainoman
koket	# koket
komi<k>	# komik
kompleks	# kompleks
komşu	# komşu
konargöçer	# konargöçer
konserve	# konserve
kopya	# kopya
kör	# kör
körkandil	# körkandil
körpe	# körpe
korsan	# korsan
kot	# kot
koton	# koton
kötü	# kötü
köylü	# köylü
koyu	# koyu
kreatör	# kreatör
krem	# krem
kreten	# kreten
küfe	# küfe
kumarbaz	# kumarbaz
kumral	# kumral
kürk	# kürk
kurşuni	# kurşuni
kuru	# kuru
küstah	# küstah
küt	# küt
kuzey	# kuzey
kuzeybatı	# kuzeybatı
kuzeydoğu	# kuzeydoğu
laçka	# laçka
lafazan	# lafazan
lasteks	# lasteks
lasti<k>	# lastik
latif	# latif
lenduha	# lenduha
lenger	# lenger
leninci	# leninci
leninist	# leninist
lepiska	# lepiska
leş	# leş
lezbiyen	# lezbiyen
leziz	# leziz
liber<pA>l	# liberal
liri<k>	# lirik
lok<pA>l	# lokal
loş	# loş
l<pA>l	# lal
lüks	# lüks
lümpen	# lümpen
lüterci	# lüterci
lutr	# lutr
madrabaz	# madrabaz
madru<p>	# madrup
mağrur	# mağrur
mahcu<p>	# mahcup
mahmur	# mahmur
mahpus	# mahpus
mahrem	# mahrem
mahzun	# mahzun
majör	# majör
majüskül	# majüskül
makro	# makro
makrosefal	# makrosefal
maksimum	# maksimum
makyavelci	# makyavelci
malum	# malum
manevi	# manevi
manitacı	# manitacı
marksçı	# marksçı
maskara	# maskara
masum	# masum
mat	# mat
matah	# matah
matiz	# matiz
matlu<p>	# matlup
matmazel	# matmazel
matra<k>	# matrak
maun	# maun
mavi	# mavi
maznun	# maznun
mazoşist	# mazoşist
mazur	# mazur
mecaz	# mecaz
mecbur	# mecbur
meçhul	# meçhul
megaloman	# megaloman
mekani<k>	# mekanik
melami	# melami
melodi<k>	# melodik
menk<pU>l	# menkul
mensu<p>	# mensup
merhum	# merhum
mer<t>	# mert
meşhur	# meşhur
mest	# mest
metafizi<k>	# metafizik
met<del>in	# metin
metin	# metin
mevcu<t>	# mevcut
mezun	# mezun
mikroskobi<k>	# mikroskobik
militan	# militan
militarist	# militarist
milli	# milli
milyarder	# milyarder
milyoner	# milyoner
miner<pA>l	# mineral
mini<k>	# minik
minnettar	# minnettar
minör	# minör
mirasyedi	# mirasyedi
miskin	# miskin
miyo<p>	# miyop
miyosen	# miyosen
mızıkçı	# mızıkçı
mızmız	# mızmız
modern	# modern
monarşist	# monarşist
mor	# mor
moru<k>	# moruk
mosmor	# mosmor
muadil	# muadil
muavin	# muavin
muazzam	# muazzam
mübadil	# mübadil
mücahi<t>	# mücahit
mücerre<t>	# mücerret
muci<p>	# mucip
mucir	# mucir
muci<t>	# mucit
muhacir	# muhacir
muhbir	# muhbir
mühim	# mühim
muhta<c>	# muhtac
muhtemel	# muhtemel
muhterem	# muhterem
muhteşem	# muhteşem
mukaddes	# mukaddes
mükemmel	# mükemmel
mükerrer	# mükerrer
mülayim	# mülayim
mülazım	# mülazım
mülemma	# mülemma
mültipleks	# mültipleks
mümin	# mümin
mümkün	# mümkün
mundar	# mundar
münevver	# münevver
mürşi<t>	# mürşit
müsabık	# müsabık
müşahi<t>	# müşahit
müseddes	# müseddes
müşfik	# müşfik
musikişinas	# musikişinas
müspet	# müspet
müstaha<k>	# müstahak
müstakar	# müstakar
müstakbel	# müstakbel
müstear	# müstear
müstehcen	# müstehcen
müsterih	# müsterih
müsteşar	# müsteşar
müstesna	# müstesna
müstevli	# müstevli
mutasarrıf	# mutasarrıf
muta<t>	# mutat
muteber	# muteber
mütehassıs	# mütehassıs
mütemadiyen	# mütemadiyen
mütemmim	# mütemmim
mütevazi	# mütevazi
mutlak	# mutlak
mutlu	# mutlu
hazırlıklı	# hazırlıklı
mutsuz	# mutsuz
muvazzaf	# muvazzaf
muzaffer	# muzaffer
müzik<pA>l	# müzikal
müziksever	# müziksever
müzmin	# müzmin
naçiz	# naçiz
nadide	# nadide
nadir	# nadir
nahoş	# nahoş
nai<p>	# naip
nakıs	# nakıs
namer<t>	# namert
namlı	# namlı
namüsai<t>	# namüsait
nankör	# nankör
narin	# narin
natüralist	# natüralist
natüralizm	# natüralizm
natürel	# natürel
natürmort	# natürmort
naylon	# naylon
naz<del>ım	# nazım
nazi<k>	# nazik
nef<del>is	# nefis
nefis	# nefis
negatif	# negatif
nezih	# nezih
nişanlı	# nişanlı
noksan	# noksan
norm<pA>l	# normal
obur	# obur
ödle<k>	# ödlek
oğuz	# oğuz
öksüz	# öksüz
okullu	# okullu
olağan	# olağan
olağanüstü	# olağanüstü
olgun	# olgun
ölgün	# ölgün
ölü	# ölü
ölümcül	# ölümcül
ondalı<k>	# ondalık
ongun	# ongun
opti<k>	# optik
optimum	# optimum
organze	# organze
örgün	# örgün
orta	# orta
orta<k>	# ortak
ortanca	# ortanca
örtü<k>	# örtük
otokrat	# otokrat
ötümlü	# ötümlü
ötümsüz	# ötümsüz
oyu<k>	# oyuk
oyunbozan	# oyunbozan
öz	# öz
özdeş	# özdeş
özengen	# özengen
özgün	# özgün
öznel	# öznel
pagan	# pagan
pahalı	# pahalı
paleozoi<k>	# paleozoik
paragöz	# paragöz
paramparça	# paramparça
parazit	# parazit
parla<k>	# parlak
partal	# partal
paspal	# paspal
pastor<pA>l	# pastoral
pat	# pat
patla<k>	# patlak
paydaş	# paydaş
payen	# payen
payta<k>	# paytak
pejmürde	# pejmürde
pek	# pek
pekiyi	# pekiyi
pembe	# pembe
penye	# penye
perişan	# perişan
pesimist	# pesimist
pespembe	# pespembe
piç	# piç
pinti	# pinti
pisboğaz	# pisboğaz
pişkin	# pişkin
poligam	# poligam
poligami	# poligami
polyester	# polyester
poplin	# poplin
porselen	# porselen
pörsü<k>	# pörsük
pörtle<k>	# pörtlek
pötikare	# pötikare
potu<k>	# potuk
potur	# potur
pozitivist	# pozitivist
prati<k>	# pratik
primitif	# primitif
problemati<k>	# problematik
profesyonel	# profesyonel
provokatör	# provokatör
pul	# pul
puluç	# puluç
pusarı<k>	# pusarık
radik<pA>l	# radikal
rafine	# rafine
rahat	# rahat
rastgele	# rastgele
realist	# realist
rengaren<k>	# rengarenk
reşit	# reşit
resmen	# resmen
reva<c>	# revac
revizyonist	# revizyonist
rezil	# rezil
ritmi<k>	# ritmik
rüküş	# rüküş
rüsva	# rüsva
rutin	# rutin
şaban	# şaban
sabi	# sabi
saçı<k>	# saçık
saçma	# saçma
sadakor	# sadakor
sadist	# sadist
saf	# saf
sağ	# sağ
sağlamcı	# sağlamcı
sağlıcakla	# sağlıcakla
şahane	# şahane
şaheser	# şaheser
sahici	# sahici
sahte	# sahte
şairane	# şairane
sakar	# sakar
sakat	# sakat
sakin	# sakin
salaş	# salaş
saldırgan	# saldırgan
salgın	# salgın
salimen	# salimen
sallabaş	# sallabaş
sanı<k>	# sanık
sapa	# sapa
saprofit	# saprofit
şapşal	# şapşal
sarartı	# sarartı
sarhoş	# sarhoş
sari	# sari
sarı	# sarı
sarılgan	# sarılgan
şarklı	# şarklı
sarp	# sarp
şavk	# şavk
sayrı	# sayrı
şeffaf	# şeffaf
sendikalı	# sendikalı
serami<k>	# seramik
seri	# seri
serin	# serin
serseri	# serseri
sert	# sert
sessiz	# sessiz
sesteş	# sesteş
sevgili	# sevgili
sevimli	# sevimli
seyis	# seyis
sığ	# sığ
sıkı	# sıkı
sili	# sili
silindir	# silindir
şıllı<k>	# şıllık
silüryen	# silüryen
şımarı<k>	# şımarık
şini<k>	# şinik
sinonim	# sinonim
şıpıdı<k>	# şıpıdık
sıradan	# sıradan
sırdaş	# sırdaş
şirin	# şirin
şirret	# şirret
sıska	# sıska
şişkin	# şişkin
şişko	# şişko
şişman	# şişman
sıvı	# sıvı
sivil	# sivil
sivri	# sivri
sıyrı<k>	# sıyrık
şizofren	# şizofren
skolasti<k>	# skolastik
sofi	# sofi
sofist	# sofist
sofu	# sofu
soğutkan	# soğutkan
sökü<k>	# sökük
sokur	# sokur
sol	# sol
sola<k>	# solak
solidarist	# solidarist
soluğan	# soluğan
solu<k>	# soluk
som	# som
sömürgen	# sömürgen
somut	# somut
sorumlu	# sorumlu
şoven	# şoven
soydaş	# soydaş
soylu	# soylu
sözlü	# sözlü
spir<pA>l	# spiral
s<pO>l	# sol
sporsever	# sporsever
sportmen	# sportmen
stajyer	# stajyer
steyşın	# steyşın
strüktüralist	# strüktüralist
şuh	# şuh
sula<k>	# sulak
sultani	# sultani
suluboya	# suluboya
süper	# süper
süre<k>	# sürek
sürrealist	# sürrealist
sürüngen	# sürüngen
susa<k>	# susak
sustalı	# sustalı
tabu	# tabu
tahminen	# tahminen
takli<t>	# taklit
tam	# tam
tamahkar	# tamahkar
tamam	# tamam
tamburi	# tamburi
taptaze	# taptaze
taşım	# taşım
taşınmaz	# taşınmaz
taşkın	# taşkın
taşralı	# taşralı
tatlı	# tatlı
tay	# tay
taze	# taze
tedirgin	# tedirgin
tekin	# tekin
tekir	# tekir
tekni<k>	# teknik
teknokrat	# teknokrat
tektanrıcı	# tektanrıcı
tektenci	# tektenci
tektürel	# tektürel
telepatik	# telepatik
telsiz	# telsiz
tembel	# tembel
temel	# temel
temiz	# temiz
tenha	# tenha
tepegöz	# tepegöz
ters	# ters
tertemiz	# tertemiz
teti<k>	# tetik
tez	# tez
tezelden	# tezelden
tıfıl	# tıfıl
tipi<k>	# tipik
tıpkı	# tıpkı
tiran	# tiran
tiryaki	# tiryaki
tok	# tok
tombul	# tombul
toni<k>	# tonik
toparla<k>	# toparlak
topçeker	# topçeker
topyekün	# topyekün
tor	# tor
toraman	# toraman
torla<k>	# torlak
tortop	# tortop
toy	# toy
tozpembe	# tozpembe
triyo	# triyo
truvakar	# truvakar
tufeyli	# tufeyli
tuhaf	# tuhaf
tükenmez	# tükenmez
tül	# tül
tüm	# tüm
turani	# turani
türedi	# türedi
turkuaz	# turkuaz
türkuvaz	# türkuvaz
türlü	# türlü
turuncu	# turuncu
tutam	# tutam
tutkun	# tutkun
tutsa<k>	# tutsak
tüvi<t>	# tüvit
tuzla<k>	# tuzlak
uçarı	# uçarı
üçgen	# üçgen
uçkun	# uçkun
ücretli	# ücretli
ucuz	# ucuz
ufacı<k>	# ufacık
ufa<k>	# ufak
ufara<k>	# ufarak
uğra<k>	# uğrak
ukala	# ukala
ulu	# ulu
ulussever	# ulussever
ummadı<k>	# ummadık
umum	# umum
ünsüz	# ünsüz
ünü<k>	# ünük
unutkan	# unutkan
upuzun	# upuzun
üretken	# üretken
ürke<k>	# ürkek
uslu	# uslu
üstün	# üstün
usul	# usul
üşütü<k>	# üşütük
utanga<c>	# utangac
uyanı<k>	# uyanık
uyarlama	# uyarlama
uydurma	# uydurma
uydurmasyon	# uydurmasyon
uygar	# uygar
uysal	# uysal
uyurgezer	# uyurgezer
uyuşturucu	# uyuşturucu
uyuşu<k>	# uyuşuk
uyuz	# uyuz
uza<k>	# uzak
üzgün	# üzgün
uzun	# uzun
uzunkafalı	# uzunkafalı
vahşi	# vahşi
vakur	# vakur
vardakosta	# vardakosta
varyemez	# varyemez
vasat	# vasat
vasi	# vasi
veciz	# veciz
vurdumduymaz	# vurdumduymaz
vurgun	# vurgun
yabancı	# yabancı
yabanıl	# yabanıl
yad	# yad
yağız	# yağız
yahudi	# yahudi
yakın	# yakın
yalabı<k>	# yalabık
yala<k>	# yalak
yalan	# yalan
yalçın	# yalçın
yalın	# yalın
yalıtkan	# yalıtkan
yalman	# yalman
yalnız	# yalnız
yalpa<k>	# yalpak
yalta<k>	# yaltak
yaman	# yaman
yampiri	# yampiri
yamyam	# yamyam
yandaş	# yandaş
yanlamasına	# yanlamasına
yanlı	# yanlı
yanlış	# yanlış
yapışı<k>	# yapışık
yapmacı<k>	# yapmacık
yaramaz	# yaramaz
yarı	# yarı
yarı<k>	# yarık
yaş	# yaş
yasa<k>	# yasak
yaşıt	# yaşıt
yassı	# yassı
yatala<k>	# yatalak
yatı<k>	# yatık
yatılı	# yatılı
yatkın	# yatkın
yavan	# yavan
yavaş	# yavaş
yavru	# yavru
yavuklu	# yavuklu
yaya	# yaya
yaygın	# yaygın
yayı<k>	# yayık
yayvan	# yayvan
yazın	# yazın
yede<k>	# yedek
yedigen	# yedigen
yegane	# yegane
yekpare	# yekpare
yelkenli	# yelkenli
yelpaze	# yelpaze
yeni	# yeni
yeni<k>	# yenik
yepyeni	# yepyeni
yerli	# yerli
yeşil	# yeşil
yeter	# yeter
yezi<t>	# yezit
yiği<t>	# yiğit
yılgın	# yılgın
yırtıcı	# yırtıcı
yiti<k>	# yitik
yobaz	# yobaz
yoğun	# yoğun
yoksul	# yoksul
yokuş	# yokuş
yolsuz	# yolsuz
yontu<k>	# yontuk
yorgun	# yorgun
yosma	# yosma
yüce	# yüce
yudum	# yudum
yükse<k>	# yüksek
yumru<k>	# yumruk
yumu<k>	# yumuk
yumuşa<k>	# yumuşak
yumuşacı<k>	# yumuşacık
yurtsever	# yurtsever
yürü<k>	# yürük
yüzergezer	# yüzergezer
yetersiz	# yetersiz
yüzsüz	# yüzsüz
zanaatkar	# zanaatkar
zarif	# zarif
zaruri	# zaruri
zayi	# zayi
zayıf	# zayıf
zeki	# zeki
zenci	# zenci
zengin	# zengin
zibidi	# zibidi
zikza<k>	# zikzak
zırva	# zırva
zıt	# zıt
ziyade	# ziyade
zor	# zor
motivasyonlu	# motivasyonlu
eğitimli	# eğitimli
zoraki	# zoraki
zorgulu	# zorgulu
zorunlu	# zorunlu
züccaciye	# züccaciye
züğür<t>	# züğürt
müncer	# müncer
münha<dup>t	# münhat
mürte<dup>t	# mürtet
müşta<dup>k	# müştak
müstaha<dup>k	# müstahak
şık	# şık
tıbbi	# tıbbi
yeterli	# yeterli
gerek
